{
  "schemaVersion": 1,
  "id": "zomg_ultimate",
  "version": "${mod_version}",
  "name": "${mod_name}",
  "description": "Minimal Fabric mod skeleton to verify build pipeline.",
  "authors": ["you"],
  "license": "MIT",
  "icon": "assets/zomg_ultimate/icon.png",
  "environment": "*",
  "entrypoints": {
    "main": [
      "com.example.zomg.HelloMod"
    ]
  },
  "depends": {
    "fabricloader": ">=0.15.11",
    "minecraft": "1.20.1",
    "java": ">=17"
  },
  "mixins": [
    "zomg_ultimate.mixins.json"
  ]
}
