{
  "schemaVersion": 1,
  "id": "zomg_ultimate",
  "version": "${version}",
  "name": "ZOMG Ultimate",
  "description": "Adds a simple pistol that fires an arrow-like projectile (demo).",
  "authors": [
    "you"
  ],
  "license": "MIT",
  "icon": "assets/zomg_ultimate/icon.png",
  "environment": "*",
  "entrypoints": {
    "main": [
      "com.example.zomg.ZomgMod"
    ]
  },
  "depends": {
    "fabricloader": ">=0.15.11",
    "minecraft": "1.20.1",
    "java": ">=17",
    "fabric-api": "*"
  }
}