{
  "schemaVersion": 1,
  "id": "zomg_ultimate",
  "version": "${version}",
  "name": "ZOMG Ultimate",
  "description": "Minimal scaffold for Minecraft 1.21.8 Fabric mod build.",
  "authors": [
    "you"
  ],
  "contact": {},
  "license": "MIT",
  "icon": "assets/zomg_ultimate/icon.png",
  "environment": "*",
  "entrypoints": {
    "main": [
      "com.example.zomg.HelloMod"
    ]
  },
  "depends": {
    "fabricloader": ">=0.16.7",
    "minecraft": "1.21.8",
    "java": ">=21",
    "fabric-api": "*"
  }
}