{
  "parent": "block/block",
  "textures": {
    "particle": "zomg:block/vending",
    "vending": "zomg:block/vending"
  },
  "elements": [
    {
      "from": [
        1,
        0,
        1
      ],
      "to": [
        15,
        16,
        15
      ],
      "faces": {
        "north": {
          "uv": [
            0,
            0,
            14,
            16
          ],
          "texture": "#vending"
        },
        "south": {
          "uv": [
            0,
            0,
            14,
            16
          ],
          "texture": "#vending"
        },
        "west": {
          "uv": [
            0,
            0,
            14,
            16
          ],
          "texture": "#vending"
        },
        "east": {
          "uv": [
            0,
            0,
            14,
            16
          ],
          "texture": "#vending"
        },
        "up": {
          "uv": [
            0,
            0,
            14,
            14
          ],
          "texture": "#vending"
        },
        "down": {
          "uv": [
            0,
            0,
            14,
            14
          ],
          "texture": "#vending"
        }
      }
    },
    {
      "from": [
        3,
        6,
        0.99
      ],
      "to": [
        13,
        14,
        1.5
      ],
      "faces": {
        "north": {
          "uv": [
            16,
            0,
            32,
            16
          ],
          "texture": "#vending"
        },
        "south": {
          "uv": [
            16,
            0,
            32,
            16
          ],
          "texture": "#vending"
        }
      }
    }
  ]
}